{
    "representation_quality": {
        "TS-TCC": {
            "classification": {
                "LogisticRegression": {
                    "accuracy": 0.9169894853348091,
                    "precision": 0.8795608874701281,
                    "recall": 0.9169894853348091,
                    "f1_score": 0.8870342293185756,
                    "auc": 0.8068250623429922
                },
                "SVM": {
                    "accuracy": 0.9225235196458218,
                    "precision": 0.906849195452096,
                    "recall": 0.9225235196458218,
                    "f1_score": 0.8914835323129573,
                    "auc": 0.798474092000773
                },
                "RandomForest": {
                    "accuracy": 0.925106068990961,
                    "precision": 0.9077342142303968,
                    "recall": 0.925106068990961,
                    "f1_score": 0.902852711542142,
                    "auc": 0.8631410285903581
                }
            },
            "clustering": {
                "silhouette_score": 0.12607404589653015,
                "davies_bouldin_score": 2.8048062729677086,
                "calinski_harabasz_score": 606.1817016601562
            },
            "reconstruction_error": null
        },
        "RecurrentAutoencoder": {
            "classification": {
                "LogisticRegression": {
                    "accuracy": 0.9193875668695812,
                    "precision": 0.8819151512606503,
                    "recall": 0.9193875668695812,
                    "f1_score": 0.882367071865356,
                    "auc": 0.7464913087887516
                },
                "SVM": {
                    "accuracy": 0.9193875668695812,
                    "precision": 0.8455990813366905,
                    "recall": 0.9193875668695812,
                    "f1_score": 0.8809508930023763,
                    "auc": 0.801477827979351
                },
                "RandomForest": {
                    "accuracy": 0.9252905368013282,
                    "precision": 0.9102431810854893,
                    "recall": 0.9252905368013282,
                    "f1_score": 0.9004478264379576,
                    "auc": 0.8465814875820121
                }
            },
            "clustering": {
                "silhouette_score": 0.3304399251937866,
                "davies_bouldin_score": 1.2079295817483053,
                "calinski_harabasz_score": 3326.277099609375
            },
            "reconstruction_error": 0.16011648381970933
        },
        "InformativeMissingness": {
            "classification": {
                "LogisticRegression": {
                    "accuracy": 0.9192030990592142,
                    "precision": 0.8869850023993103,
                    "recall": 0.9192030990592142,
                    "f1_score": 0.8877393261552176,
                    "auc": 0.8149701397771296
                },
                "SVM": {
                    "accuracy": 0.9195720346799483,
                    "precision": 0.8456127269654201,
                    "recall": 0.9195720346799483,
                    "f1_score": 0.8810429738380823,
                    "auc": 0.7869466196755404
                },
                "RandomForest": {
                    "accuracy": 0.9247371333702269,
                    "precision": 0.908537025130826,
                    "recall": 0.9247371333702269,
                    "f1_score": 0.8995889854502576,
                    "auc": 0.837939276545232
                }
            },
            "clustering": {
                "silhouette_score": 0.24365781247615814,
                "davies_bouldin_score": 2.2541013172086313,
                "calinski_harabasz_score": 708.5819702148438
            },
            "reconstruction_error": 0.02723938395385844
        },
        "SignatureTransform": {
            "classification": {
                "LogisticRegression": {
                    "accuracy": 0.5216749677181332,
                    "precision": 0.8489119143856876,
                    "recall": 0.5216749677181332,
                    "f1_score": 0.6266530903649432,
                    "auc": 0.4887626181296182
                },
                "SVM": {
                    "accuracy": 0.9195720346799483,
                    "precision": 0.8456127269654201,
                    "recall": 0.9195720346799483,
                    "f1_score": 0.8810429738380823,
                    "auc": 0.5
                },
                "RandomForest": {
                    "accuracy": 0.11049621840988748,
                    "precision": 0.8850406438644269,
                    "recall": 0.11049621840988748,
                    "f1_score": 0.0730262724472276,
                    "auc": 0.47872148555759014
                }
            },
            "clustering": {
                "silhouette_score": 0.1605726870092393,
                "davies_bouldin_score": 2.1142063357891683,
                "calinski_harabasz_score": 1006.6217034333409
            },
            "reconstruction_error": null
        },
        "StatisticalFeature": {
            "classification": {
                "LogisticRegression": {
                    "accuracy": 0.6436081903707803,
                    "precision": 0.8408795344813843,
                    "recall": 0.6436081903707802,
                    "f1_score": 0.7230995464161538,
                    "auc": 0.4673304316619583
                },
                "SVM": {
                    "accuracy": 0.9195720346799483,
                    "precision": 0.8456127269654201,
                    "recall": 0.9195720346799483,
                    "f1_score": 0.8810429738380823,
                    "auc": 0.5239484508571587
                },
                "RandomForest": {
                    "accuracy": 0.6969193875668696,
                    "precision": 0.8492731843991072,
                    "recall": 0.6969193875668697,
                    "f1_score": 0.7605688364558308,
                    "auc": 0.4907194059241946
                }
            },
            "clustering": {
                "silhouette_score": 0.5194822878494268,
                "davies_bouldin_score": 0.8051051993559192,
                "calinski_harabasz_score": 5294.400498157803
            },
            "reconstruction_error": null
        },
        "RGAN": {
            "classification": {
                "LogisticRegression": {
                    "accuracy": 0.9195720346799483,
                    "precision": 0.8456127269654201,
                    "recall": 0.9195720346799483,
                    "f1_score": 0.8810429738380823,
                    "auc": 0.7190300258573886
                },
                "SVM": {
                    "accuracy": 0.9195720346799483,
                    "precision": 0.8456127269654201,
                    "recall": 0.9195720346799483,
                    "f1_score": 0.8810429738380823,
                    "auc": 0.6709937150902248
                },
                "RandomForest": {
                    "accuracy": 0.9195720346799483,
                    "precision": 0.8456127269654201,
                    "recall": 0.9195720346799483,
                    "f1_score": 0.8810429738380823,
                    "auc": 0.6893317567381041
                }
            },
            "clustering": {
                "silhouette_score": 0.17283134162425995,
                "davies_bouldin_score": 2.0311055784065157,
                "calinski_harabasz_score": 1241.8822021484375
            },
            "reconstruction_error": null
        }
    },
    "computational_efficiency": {
        "TS-TCC": {
            "training_time": 113.53529286384583,
            "inference_time": 0.0031707763671875,