model,clf_accuracy,clf_f1,silhouette,train_time,inference_time,memory_usage,param_count,generalization_acc,robustness_acc
TS-TCC,0.9169894853348091,0.8870342293185756,0.12607404589653015,113.53529286384583,0.0031707763671875,810.92578125,82400,0.9169894853348091,0.9167681239623686
RecurrentAutoencoder,0.9193875668695812,0.882367071865356,0.3304399251937866,639.4492421150208,0.04583542346954346,850.16796875,376650,0.9193875668695812,0.9196827153661686
InformativeMissingness,0.9192030990592142,0.8877393261552176,0.24365781247615814,891.2610721588135,0.06347019672393799,832.8203125,100505,0.9192030990592142,0.9191293119350673
SignatureTransform,0.5216749677181332,0.6266530903649432,0.1605726870092393,327.00828289985657,0.014601540565490723,860.08984375,7170,0.5216749677181332,0.5107913669064749
StatisticalFeature,0.6436081903707803,0.7230995464161538,0.5194822878494268,208.99440693855286,0.009302115440368653,909.97265625,1310,0.6436081903707803,0.5831027485703745
RGAN,0.9195720346799483,0.8810429738380823,0.17283134162425995,1355.9957416057587,0.013545083999633788,895.40234375,369675,0.9195720346799483,0.9194982475558013
